Provinsi Tempat Tinggal Sekarang,Aceh,Sumatera Utara,Sumatera Barat,Riau,Jambi,Sumatera Selatan,Bengkulu,Lampung,Kep. Bangka Belitung,Kepulauan Riau,DKI Jakarta,Jawa Barat,Jawa Tengah,DI Yogyakarta,Jawa Timur,Banten,Bali,Nusa Tenggara Barat,Nusa Tenggara Timur,Kalimantan Barat,Kalimantan Tengah,Kalimantan Selatan,Kalimantan Timur,Kalimantan Utara,Sulawesi Utara,Sulawesi Tengah,Sulawesi Selatan,Sulawesi Tenggara,Gorontalo,Sulawesi Barat,Maluku,Maluku Utara,Papua Barat,Papua,Lainnya/Luar Negeri,Jumlah
Aceh,4876719,21622,1271,2076,474,379,270,390,34,921,2000,3038,1191,255,658,761,0,86,0,100,2,199,2,26,68,8,47,47,14,23,48,13,32,93,2493,4915358
Sumatera Utara,14485,13557160,9316,49179,6297,3498,1794,1461,345,18601,19064,21257,3180,1231,4116,6178,874,823,244,1695,1519,813,1698,320,1064,250,726,171,57,45,101,12,324,1574,9839,13739313
Sumatera Barat,2161,18150,5003182,45624,14579,4942,5331,3646,461,15324,22428,20448,4552,987,2629,7232,733,385,376,579,474,192,406,194,157,29,704,126,38,8,102,110,316,605,4820,5182031
Riau,2363,65668,21359,5865452,4359,2715,936,2569,35,7531,2643,5352,5884,1514,3610,1339,61,235,327,324,97,251,272,100,67,0,182,82,31,0,0,6,22,17,1880,5997281
Jambi,432,7280,8843,5030,3265469,7325,1141,2875,266,1708,1670,2979,3741,592,1790,560,80,117,85,172,179,20,133,161,10,18,124,89,0,73,35,5,0,224,5163,3318392
Sumatera Selatan,1024,3868,2304,2547,5056,7806659,7846,19987,2641,1574,5757,13239,6659,1819,4309,4046,328,175,38,231,207,198,920,92,15,58,251,84,15,107,41,0,0,248,1213,7893556
Bengkulu,318,2100,2665,1230,2479,8714,1849310,3466,281,766,2108,4523,1857,863,1107,888,96,69,12,131,109,63,123,10,18,8,101,0,0,105,43,13,4,182,394,1884154
Lampung,503,2614,2031,2383,2169,24030,1763,8282004,2306,1267,18517,20634,8402,2307,7216,18099,773,44,74,1139,314,606,1058,0,141,118,616,109,31,3,142,0,373,401,7458,8409645
Kep. Bangka Belitung,51,823,590,344,640,7400,332,3030,1340714,800,3638,4325,2072,1174,1507,1146,117,591,113,210,51,33,112,82,52,144,261,378,75,86,2,22,17,2,149,1371084
Kepulauan Riau,1871,24366,11221,13622,2103,4643,970,2422,726,1890902,3380,5696,6625,1116,6250,843,439,612,1902,1441,139,225,249,73,186,50,891,607,0,0,18,0,83,42,1387,1985101
DKI Jakarta,949,8108,5040,2317,892,3055,298,6189,708,933,9668748,76296,48201,3861,16879,22916,1212,1137,1505,2270,355,835,688,127,618,35,2443,112,135,39,616,242,122,862,2461,9881205
Jawa Barat,3728,19801,12287,5251,3227,10468,2515,15702,1562,3414,339634,44733640,123205,8554,32723,71956,3179,1468,787,4691,1120,1865,3689,611,1095,1068,3129,900,448,68,1101,294,506,1752,34671,45450109
Jawa Tengah,2733,6751,5212,8893,11217,12127,2183,12986,2784,12124,188939,173999,33575160,49606,63399,65752,6639,2437,3353,12226,29980,7190,14121,551,1009,3260,4485,1163,649,391,2105,848,2479,5984,60947,34353684
DI Yogyakarta,808,3639,1322,3505,1931,4546,1172,4361,1104,2028,15291,24533,59708,3334109,15873,9332,1892,1847,2625,2654,2289,1866,4158,587,279,1033,1372,877,68,77,1271,452,537,2427,3421,3512994
Jawa Timur,1799,4664,2377,4530,1577,7635,1040,5596,1123,6453,31387,36330,47761,5859,38001781,11700,26708,3982,6175,4667,9766,9094,22712,3171,2487,1547,4764,1339,236,363,2084,1104,4010,7956,82361,38366135
Banten,774,5582,2469,1339,1047,5788,578,11927,1354,719,103105,52798,29622,3894,9152,10968045,476,444,333,1002,268,521,703,6,474,292,916,162,48,0,269,18,85,112,4711,11209031
Bali,144,746,190,222,35,889,5,1275,100,93,2897,2879,2469,689,20182,750,4063160,3713,6336,260,80,79,302,0,226,820,438,334,16,160,117,22,108,245,2350,4112331
Nusa Tenggara Barat,304,687,700,678,124,629,23,302,644,1253,3969,4348,3019,2963,7896,1213,11620,4811682,3487,2700,3883,2037,7658,671,362,532,4561,238,2,332,146,15,355,2067,93230,4974331
Nusa Tenggara Timur,26,842,335,311,83,463,50,345,395,3124,5457,3562,2783,3611,14886,748,14451,3556,4797386,1423,3591,1600,12582,2406,567,254,8903,380,39,152,1229,138,2010,5311,13764,4906763
Kalimantan Barat,122,1671,671,987,281,188,55,875,220,932,4620,3473,6393,1454,3692,1792,206,344,1063,5008390,1523,527,996,66,64,99,531,137,25,24,45,111,52,190,25212,5067031
Kalimantan Tengah,104,2472,399,345,438,617,136,1344,102,30,1530,3791,17670,1179,8786,915,145,2435,7578,2927,2448146,12807,1711,420,364,459,1397,73,33,75,205,56,33,181,285,2519185
Kalimantan Selatan,223,1713,281,345,279,541,21,229,79,196,1237,3106,4111,694,10768,722,362,1477,1699,612,15674,3761405,9904,630,173,202,2275,58,0,611,13,73,152,218,1002,3821085
Kalimantan Timur,270,2009,638,436,521,1364,86,1366,224,270,3475,4293,9142,1835,18237,917,314,1790,5972,741,1602,7962,3439921,3994,824,2334,25015,1387,182,4624,37,53,92,378,1396,3543701
Kalimantan Utara,26,237,29,45,10,56,6,127,7,129,453,695,1536,651,2611,46,49,174,1272,21,119,541,4034,640389,105,1388,7906,462,36,435,0,0,52,130,2758,666533
Sulawesi Utara,31,545,18,55,17,136,0,21,4,425,2596,1856,904,277,1699,216,395,139,303,169,69,226,813,246,2431519,2951,3384,361,5819,225,636,1824,1554,2904,511,2462849
Sulawesi Tengah,170,972,262,105,128,129,53,74,69,95,1033,1513,1114,531,1995,365,713,169,319,74,340,163,3228,2140,3265,2741996,15749,2301,3274,3150,189,392,243,653,707,2787674
Sulawesi Selatan,72,529,650,434,384,864,41,267,184,877,4428,4636,3063,416,4022,765,607,1188,3535,455,679,2527,25914,7642,1756,12121,8331895,12745,602,11033,2203,1972,4800,15162,28728,8487196
Sulawesi Tenggara,360,418,147,591,71,77,0,237,555,1130,1383,1574,1125,509,1855,134,550,333,447,219,124,519,3651,635,1597,3423,24021,2369492,382,1302,6548,3518,6549,7242,3512,2444232
Gorontalo,173,93,27,76,114,2,37,89,0,0,533,577,206,72,454,213,31,118,103,64,94,35,305,103,8651,5148,1483,342,1074472,59,124,567,83,370,7,1094826
Sulawesi Barat,32,150,56,16,43,35,101,38,38,83,335,386,436,144,930,8,388,158,318,87,163,530,4442,846,108,4714,14890,661,48,1283945,132,59,129,356,3603,1318409
Maluku,102,550,64,249,15,21,0,154,0,64,1417,1733,867,586,2502,286,181,45,733,46,20,203,139,97,841,274,2601,2879,77,109,1691954,1996,3222,4698,238,1718964
Maluku Utara,46,87,135,9,15,57,63,0,15,92,480,490,696,346,1084,51,62,73,73,52,37,31,42,0,2081,676,2514,2217,332,46,1502,1180970,922,808,3,1196106
Papua Barat,32,583,108,67,4,305,20,126,0,48,969,1086,1146,543,3511,210,202,164,2030,135,6,30,213,29,1655,484,6494,2754,63,183,5010,1022,1044522,5998,83,1079836
Papua,153,1289,163,141,69,79,30,334,0,161,1095,1124,2548,522,4626,372,185,604,3950,173,11,77,106,40,1195,286,10497,2348,81,176,3636,326,2386,3970085,357,4009223
Jumlah,4913108,13767790,5096363,6018435,3326144,7920374,1878206,8385815,1359080,1974067,10466217,45240209,33987051,3434758,38282735,11200514,4137226,4842616,4854553,5052080,2523030,3815270,3567006,666464,2463095,2786079,8485565,2405415,1087326,1308028,1721705,1196254,1076176,4039479,401114,253679348
