Kode,Lapangan Usaha,2020 (%),2021 (%),2022 (%),2023 (%),2024 (%)
A,"Pertanian, Kehutanan, dan Perikanan",1.77,1.87,2.25,1.31,0.67
B,Pertambangan dan Penggalian,-1.95,4.00,4.38,6.12,4.90
C,Industri Pengolahan,-2.93,3.39,4.89,4.64,4.43
D,Pengadaan Listrik dan Gas,-2.34,5.55,6.61,4.91,4.77
E,"Pengadaan Air, Pengelolaan Sampah, Limbah, dan Daur Ulang",4.94,4.97,3.23,4.90,1.56
F,Konstruksi,-3.26,2.81,2.01,4.91,7.02
G,Perdagangan Besar dan Eceran; Reparasi Mobil dan Sepeda Motor,-3.79,4.63,5.53,4.85,4.86
H,Transportasi dan Pergudangan,-15.05,3.24,19.87,13.96,8.69
I,Penyediaan Akomodasi dan Makan Minum,-10.26,3.89,11.94,10.00,8.56
J,Informasi dan Komunikasi,10.61,6.82,7.73,7.59,7.57
K,Jasa Keuangan dan Asuransi,3.25,1.56,1.93,4.77,4.74
L,Real Estat,2.32,2.78,1.72,1.43,2.50
"M,N",Jasa Perusahaan,-5.44,0.73,8.77,8.24,8.38
O,"Administrasi Pemerintahan, Pertahanan, & Jaminan Sosial Wajib",-0.03,-0.33,2.52,1.51,6.40
P,Jasa Pendidikan,2.61,0.11,0.55,1.77,3.75
Q,Jasa Kesehatan dan Kegiatan Sosial,11.56,10.45,2.75,4.67,8.11
"R,S,T,U",Jasa Lainnya,-4.10,2.12,9.47,10.52,9.80
,Nilai Tambah Bruto Atas Dasar Harga Dasar,-1.59,3.27,4.95,5.05,5.11
,Pajak Dikurang Subsidi Atas Produk,-13.13,15.14,13.83,4.94,3.24
,Produk Domestik Bruto (PDB),-2.07,3.70,5.31,5.05,5.03
