Lapangan Usaha,Produk Domestik Bruto/Produk Domestik Regional Bruto Atas Dasar Harga Berlaku
"APertanian, Kehutanan, dan Perikanan
Agriculture, Forestry, and Fishing",2617690.4
"1Pertanian, Peternakan, Perburuan, dan Jasa Pertanian
Agriculture, Livestock, Hunting, and Agriculture Services",1932532.7
a. Tanaman Pangan/Food Crops,471766.8
b. Tanaman Hortikultura/Horticultural Crops,286635.2
c. Tanaman Perkebunan/Plantation Crops,811234.5
d. Peternakan/Livestock,325452
"e. Jasa Pertanian dan Perburuan
    Agriculture Services and Hunting",37444.2
"2Kehutanan dan Penebangan Kayu
Forestry and Logging",130116.5
3Perikanan/Fishing,555041.2
BPertambangan dan Penggalian/Mining and Quarrying,2198018.1
"1Pertambangan Minyak, Gas, dan Panas Bumi
Crude Petroleum, Natural Gas, and Geothermal",521070
"2Pertambangan Batubara dan Lignit
Coal and Lignite Mining",1116570.5
"3Pertambangan Bijih Logam
Iron Ore Mining",272022
"4Pertambangan dan Penggalian Lainnya
Other Mining and Quarrying",288355.6
CIndustri Pengolahan/Manufacturing,3900061.7
"1Industri Batubara dan Pengilangan Migas
Manufacture of Coal and Refined Petroleum Products",400446.7
"2Industri Makanan dan Minuman
Manufacture of Food Products and Beverages",1368428.4
"3Industri Pengolahan Tembakau
Manufacture of Tobacco Products",147826.1
"4Industri Tekstil dan Pakaian Jadi
Manufacture of Textiles and Wearing Apparel",203949.7
"5Industri Kulit, Barang dari Kulit, dan Alas Kaki/Manufacture
of Leather and Related Products, and Footwear",49241
"6Industri Kayu, Barang dari Kayu dan Gabus;
dan Barang Anyaman dari Bambu, Rotan, dan Sejenisnya
Manufacture of Wood and Products of Wood and Cork;
and Articles of Straw and Plaiting Materials",81980.9
"7Industri Kertas dan Barang dari Kertas;
Percetakan dan Reproduksi Media Rekaman
Manufacture of Paper and Paper Products;
Printing and Reproduction of Recorded Media",141009.4
"8Industri Kimia, Farmasi, dan Obat Tradisional
Manufacture of Chemicals, Pharmaceuticals,
and Botanical Products",366319.8
"9Industri Karet; Barang dari Karet dan Plastik
Manufacture of Rubber; Rubber Products
and Plastics Products",83864.2
"10Industri Barang Galian bukan Logam
Manufacture of Other Non-Metallic Mineral Products",98386.2
"11Industri Logam Dasar
Manufacture of Basic Metals",196315.2
"12Industri Barang Logam; Komputer,
Barang Elektronik, Optik; dan Peralatan Listrik
Manufacture of Fabricated Metal Products; Electronic,
Computer, and Optical Products; and Electrical Equipment",327987
"13Industri Mesin dan Perlengkapan
Manufacture of Machinery and Equipment",56489.1
"14Industri Alat Angkutan
Manufacture of Transport Equipment",310892.5
15Industri Furnitur/Manufacture of Furniture,42184.2
"16Industri Pengolahan Lainnya; Jasa Reparasi
dan Pemasangan Mesin dan Peralatan
Other Manufacturing; Repair and Installation
of Machinery and Equipment",24741.3
DPengadaan Listrik dan Gas/Electricity and Gas,218250.9
1Ketenagalistrikan/Electricity,184460
"2Pengadaan Gas dan Produksi Es
Manufacture of Gas and Production of Ice",33790.9
"EPengadaan Air; Pengelolaan Sampah, Limbah,
dan Daur Ulang/ Water Supply; Sewerage,
Waste Management, and Remediation Activities",13285
FKonstruksi/Construction,2072384.8
"GPerdagangan Besar dan Eceran; Reparasi Mobil
dan Sepeda Motor/Wholesale and Retail Trade;
Repair of Motor Vehicles and Motorcycles",2702605.6
"1Perdagangan Mobil, Sepeda Motor dan Reparasinya
Wholesale and Retail Trade and Repair of
Motor Vehicles and Motorcycles",467283.9
"2Perdagangan Besar dan Eceran, Bukan Mobil
dan Sepeda Motor/Wholesale and Retail Trade
Except of Motor Vehicles and Motorcycles",2235321.7
HTransportasi dan Pergudangan/Transportation and Storage,1231241.9
1Angkutan Rel/Railways Transport,18755.4
2Angkutan Darat/Land Transport,564759.2
3Angkutan Laut/Sea Transport,68728.4
"4Angkutan Sungai, Danau, dan Penyeberangan
River, Lake, and Ferry Transport",34127.4
5Angkutan Udara/Air Transport,288918.9
"6Pergudangan dan Jasa Penunjang Angkutan;
Pos dan Kurir/Warehousing and Support Services
for Transportation; Postal and Courier",255952.6
"IPenyediaan Akomodasi dan Makan Minum
Accommodation and Food Service Activities",526249.9
1Penyediaan Akomodasi/Accommodation,120560.5
"2Penyediaan Makan Minum
Food and Beverage Service Activities",405689.4
"JInformasi dan Komunikasi
Information and Communication",883637.4
"KJasa Keuangan dan Asuransi
Financial and Insurance Activities",869167.8
"1Jasa Perantara Keuangan
Financial Intermediary Services",558681.8
"2Asuransi dan Dana Pensiun
Insurance and Pension Fund",173161.8
"3Jasa Keuangan Lainnya
Other Financial Services",121248.8
"4Jasa Penunjang Keuangan
Financial Supporting Service",16075.4
LReal Estat/Real Estate Activities,505457.4
"M,NJasa Perusahaan/Business Activities",383091.9
"OAdministrasi Pemerintahan, Pertahanan,
dan Jaminan Sosial Wajib/Public Administration
and Defence; Compulsory Social Security",616445.4
PJasa Pendidikan/Education,583384
"QJasa Kesehatan dan Kegiatan Sosial
Human Health and Social Work Activities",251994.8
"R,S,T,UJasa Lainnya/Other Services Activities",405191.3
"ANilai Tambah Bruto Atas Harga Dasar
Gross Value Added At Basic Price",19978158.3
"BPajak Dikurang Subsidi Atas Produk
Taxes less Subsidies on Products",914154
"CProduk Domestik Bruto
Gross Domestic Product",20892312.3
,
Keterangan,
Perbedaan,
antara jumlah PDRB 34 Provinsi dan PDB Indonesia antara lain disebabkan oleh,
diskrepansi statistik.,